id,first_name,last_name,email,gender,ip_address
1,Peyter,Garrish,pgarrish0@flickr.com,Male,245.229.28.145
2,Gayla,Tree,gtree1@clickbank.net,,100.243.181.13
3,Marin,Whiteman,mwhiteman2@npr.org,Female,243.124.164.172
4,Dasya,Owbridge,dowbridge3@wikimedia.org,Female,208.29.57.66
5,Hayes,Starbeck,,Male,
6,Gretna,Camilleri,gcamilleri5@shop-pro.jp,Female,46.160.75.10
7,Jasmin,Dahill,jdahill6@tripadvisor.com,Female,38.117.219.174
8,Felita,Joberne,fjoberne7@about.com,Female,69.105.169.97
9,Holden,Deniset,hdeniset8@topsy.com,Male,73.81.237.205
10,Ced,Jenman,cjenman9@acquirethisname.com,Male,172.236.136.10
11,Durand,,dhemphilla@addthis.com,Male,255.54.233.207
12,Jules,Sidden,jsiddenb@microsoft.com,Male,7.139.75.115
13,Auguste,Le Clercq,aleclercqc@dagondesign.com,Female,
14,Laughton,Behn,lbehnd@marriott.com,Male,199.11.1.210
15,Petunia,Jansky,,Female,83.24.208.27
16,Esra,Fundell,efundellf@wired.com,Male,
17,Bren,Shirrell,,Male,108.172.43.150
18,,Chavrin,lchavrinh@webeden.co.uk,Male,70.39.109.124
19,Tori,Tanton,ttantoni@bloglovin.com,Female,
20,Sonja,Archanbault,sarchanbaultj@facebook.com,Female,131.112.15.146
21,Xenos,Lamport,xlamportk@unblog.fr,,144.239.121.83
22,Burty,Zamora,bzamoral@about.com,Male,60.62.29.174
23,Johan,,jdiaperm@opera.com,Male,46.164.200.54
24,Ariella,Ead,aeadn@intel.com,Female,215.209.21.190
25,Oralia,Greenset,ogreenseto@skype.com,Female,39.171.224.198
26,Vite,Fold,vfoldp@mediafire.com,Male,64.38.167.254
27,Antonin,Mincini,aminciniq@globo.com,Male,23.88.54.110
28,Cliff,Maasz,cmaaszr@xinhuanet.com,Male,154.222.234.232
29,Zondra,Dampney,zdampneys@eventbrite.com,Female,2.199.7.184
30,Charlie,Serotsky,cserotskyt@bbb.org,Male,28.21.189.203
31,Cy,Toth,ctothu@yahoo.co.jp,Male,128.234.87.42
32,Corny,Phelps,cphelpsv@macromedia.com,Female,147.79.59.170
33,Penn,Hatliff,phatliffw@mayoclinic.com,Male,86.74.49.213
34,Spence,Allaway,sallawayx@economist.com,Male,
35,Pietra,Faughnan,pfaughnany@prweb.com,Female,226.36.78.44
36,Goldarina,Buney,gbuneyz@nydailynews.com,,124.31.7.137
37,Trueman,Grimsey,tgrimsey10@cnet.com,Male,239.38.198.25
38,Marylinda,Pilfold,mpilfold11@zdnet.com,Female,242.200.106.198
39,Cordula,Konzelmann,ckonzelmann12@sciencedirect.com,Female,82.8.135.240
40,Pearce,Spofforth,pspofforth13@etsy.com,,253.159.61.64
41,Tobi,Seeking,tseeking14@yale.edu,Female,151.217.240.113
42,Keeley,Meffen,kmeffen15@nps.gov,Female,180.107.98.106
43,Tonia,Penn,tpenn16@oakley.com,,234.157.138.249
44,Ermengarde,Cuppitt,ecuppitt17@com.com,Female,24.214.91.189
45,Reade,Franzel,rfranzel18@blinklist.com,Male,102.70.8.170
46,Friedrich,Delea,fdelea19@shareasale.com,Male,51.87.31.117
47,Dayna,Pease,dpease1a@biglobe.ne.jp,Female,112.188.153.61
48,Honoria,Braddock,hbraddock1b@youtu.be,Female,199.255.85.80
49,Vyky,Coton,vcoton1c@goo.gl,Female,11.84.199.213
50,Corny,Calloway,ccalloway1d@booking.com,Male,164.255.35.106
51,Kippie,Bugden,kbugden1e@sohu.com,Female,29.230.143.33
52,Riki,Stanlake,rstanlake1f@gravatar.com,Female,122.77.74.183
53,Steffane,Lachaize,slachaize1g@elpais.com,Female,231.118.192.171
54,Morgun,Harbard,mharbard1h@fda.gov,Male,60.167.121.159
55,Wyatt,Yarrell,wyarrell1i@exblog.jp,Male,157.124.247.95
56,Gino,Daulby,gdaulby1j@odnoklassniki.ru,Male,74.56.195.234
57,Marius,Wakeham,mwakeham1k@sun.com,Male,104.87.104.204
58,Ulla,Drinkwater,,Female,128.18.223.60
59,Ceciley,Gurge,cgurge1m@fda.gov,Female,101.149.176.196
60,Julietta,Bednall,jbednall1n@4shared.com,,174.100.160.166
,Geneva,Miko,gmiko1o@newyorker.com,Female,30.245.245.73
62,Caralie,Blowfield,cblowfield1p@infoseek.co.jp,Female,131.40.212.88
63,Michal,Seide,mseide1q@sohu.com,Female,146.125.219.57
64,Ariela,Drewe,adrewe1r@nbcnews.com,Female,181.62.152.238
65,Lida,Matoshin,lmatoshin1s@homestead.com,Female,
66,Ami,Noraway,anoraway1t@businessinsider.com,,225.203.70.130
67,Deck,Dykins,ddykins1u@toplist.cz,Male,97.231.239.104
68,Carlita,Konerding,ckonerding1v@ft.com,Female,66.21.196.57
69,Artemus,Hannigane,ahannigane1w@oaic.gov.au,Male,113.241.32.93
70,Jo-ann,Barczynski,jbarczynski1x@fc2.com,Female,33.193.30.34
71,Jerri,Tiffney,jtiffney1y@bloglovin.com,Male,186.53.97.254
72,Wilow,Lockhart,wlockhart1z@cdbaby.com,Female,
73,Celine,,cjemmison20@globo.com,Female,164.74.116.42
74,Farlee,Fishwick,ffishwick21@ox.ac.uk,Male,162.118.153.19
75,Loraine,Granger,lgranger22@rakuten.co.jp,Female,206.73.153.118
,Diana,Zanotti,dzanotti23@blogspot.com,Female,2.128.239.38
77,Alyss,Kelf,akelf24@goo.ne.jp,Female,
78,Granny,Golledge,ggolledge25@huffingtonpost.com,,120.220.250.15
79,Zack,Galpin,zgalpin26@mashable.com,Male,85.132.39.48
80,Truman,Wilcocks,twilcocks27@sphinn.com,Male,126.148.14.90
81,Morgan,MacDiarmond,mmacdiarmond28@dagondesign.com,Female,90.214.180.32
82,Kelsi,Allsop,kallsop29@soundcloud.com,Female,161.86.5.97
83,Stephan,Rippin,srippin2a@github.io,Male,7.104.77.125
84,Marcelle,Eadmead,meadmead2b@uol.com.br,Female,123.109.9.93
85,Franzen,Rubke,frubke2c@state.gov,Male,83.71.7.138
86,Arlan,Sendall,asendall2d@freewebs.com,Male,2.208.92.208
87,Jourdain,McCheyne,jmccheyne2e@ustream.tv,Male,
,Hyacinthe,Sivior,hsivior2f@simplemachines.org,Female,
89,Emmy,,eginnelly2g@etsy.com,Female,
90,Niki,Bampkin,nbampkin2h@forbes.com,Male,34.124.214.111
91,Jonas,Lambal,jlambal2i@seattletimes.com,Male,
92,Christean,Frayling,cfrayling2j@amazonaws.com,Female,124.216.96.243
93,Pennie,Bezemer,pbezemer2k@rakuten.co.jp,Male,97.128.152.41
94,Isiahi,,,Male,167.28.62.227
95,Zaccaria,Lethibridge,zlethibridge2m@rediff.com,Male,85.213.5.43
96,Jareb,Kollaschek,jkollaschek2n@bloomberg.com,Male,244.170.161.100
97,Briggs,Sperrett,bsperrett2o@addtoany.com,Male,68.220.252.17
98,Ebba,Posner,eposner2p@alibaba.com,Female,133.120.185.194
,Dyanna,Breeze,dbreeze2q@skyrock.com,Female,
100,Kathe,Bonifazio,kbonifazio2r@booking.com,Female,79.211.218.199
101,,Dundendale,fdundendale2s@surveymonkey.com,Male,22.78.200.114
102,,Colisbe,ocolisbe2t@slashdot.org,Female,91.159.110.34
103,Renae,Hissie,rhissie2u@businesswire.com,Female,96.228.255.9
104,Chevy,Laetham,claetham2v@prnewswire.com,Male,33.65.123.159
105,,Jerromes,wjerromes2w@so-net.ne.jp,Female,
106,Malory,Cribbott,mcribbott2x@elpais.com,Female,104.106.133.193
107,Marijo,Stronge,mstronge2y@fema.gov,Female,96.253.126.6
108,Gary,Docksey,gdocksey2z@unc.edu,Male,
109,Rafaello,Knock,rknock30@ebay.com,Male,254.140.15.128
110,Lita,Swinfen,lswinfen31@netvibes.com,Female,224.128.191.49
111,Kristofer,Vlasenko,,Male,47.205.228.218
,Maxie,Feather,mfeather33@xing.com,Male,227.48.66.88
113,Melamie,Barnaclough,mbarnaclough34@house.gov,Female,61.95.240.18
114,Vania,Blazi,vblazi35@joomla.org,Female,17.191.130.8
115,Town,Close,tclose36@wikimedia.org,Male,194.94.15.73
116,Sasha,,smiddis37@homestead.com,Female,214.233.206.203
117,Lorilyn,Willshere,lwillshere38@youtu.be,Female,109.42.244.58
118,Mackenzie,Lipgens,mlipgens39@vinaora.com,,
119,Peder,Mitskevich,pmitskevich3a@tmall.com,Male,245.121.51.35
120,Bibby,Surgood,bsurgood3b@reuters.com,Female,12.190.189.27
,Aubrette,Nowlan,anowlan3c@ovh.net,Female,74.229.79.248
122,Katha,Machans,kmachans3d@blogger.com,,122.204.87.216
123,Gisela,Connal,gconnal3e@dmoz.org,Female,165.254.168.223
124,Cherin,,ckeasy3f@foxnews.com,Female,146.150.52.102
125,Amelina,,asudddard3g@w3.org,Female,166.190.226.143
126,Brennen,Oller,boller3h@yandex.ru,Male,17.232.104.53
127,Daisi,Romney,dromney3i@unc.edu,Female,56.55.43.154
128,Dagny,Feechum,dfeechum3j@sina.com.cn,Male,119.224.29.177
129,Lydie,Taffley,ltaffley3k@amazon.de,Female,143.0.136.147
130,Dorine,Darrigoe,ddarrigoe3l@tumblr.com,Female,62.106.141.237
131,Audi,Leechman,,Female,105.32.253.211
132,Arman,Baddiley,abaddiley3n@google.cn,Male,246.51.193.205
133,Kelila,McVeagh,kmcveagh3o@nps.gov,Female,133.75.1.58
134,Adelaide,Pattesall,apattesall3p@sciencedirect.com,,59.243.228.123
135,Galen,Bruneton,gbruneton3q@free.fr,Male,238.254.108.31
136,Krista,Mengue,kmengue3r@statcounter.com,Female,170.95.225.228
137,Jedd,Pavek,jpavek3s@bravesites.com,Male,161.62.181.62
138,Marlene,Linster,mlinster3t@wikia.com,Female,76.199.74.142
139,,Stonelake,sstonelake3u@sohu.com,Female,
140,Dorene,Pett,dpett3v@uiuc.edu,Female,39.187.98.36
141,Baldwin,Lacroutz,blacroutz3w@ucoz.ru,Male,122.165.171.70
,Gardiner,Plaster,,Male,254.219.184.139
143,Ethelyn,,egabby3y@xinhuanet.com,Female,103.97.164.101
144,Olivier,Duke,oduke3z@yahoo.com,Male,27.199.179.108
,Cassie,McMorland,cmcmorland40@tumblr.com,Male,61.75.56.78
146,Jaymee,MacConnulty,jmacconnulty41@geocities.com,Female,202.251.53.157
147,Aleda,Hazart,ahazart42@weather.com,Female,
148,Callean,Roistone,,Male,55.22.50.122
149,George,McMyler,gmcmyler44@economist.com,Male,247.63.93.226
150,,Kinglesyd,bkinglesyd45@biblegateway.com,Female,63.202.36.13
151,Omero,Ortet,oortet46@uiuc.edu,Male,234.22.121.245
152,Clyve,Watson-Brown,,Male,225.105.50.167
153,Gaye,Dencs,gdencs48@1und1.de,Female,19.121.228.109
154,Drugi,Hedditch,dhedditch49@posterous.com,Male,77.219.144.174
155,,Henfre,mhenfre4a@ucoz.com,Male,45.181.25.233
156,Simone,Demanche,sdemanche4b@nhs.uk,Male,150.36.159.213
157,Bevon,Rewcassell,brewcassell4c@tiny.cc,Male,135.89.232.151
158,Damiano,Hymer,,Male,85.131.13.65
159,Alexandra,Janouch,ajanouch4e@sitemeter.com,Female,201.84.33.180
160,Corilla,Wraggs,cwraggs4f@tuttocitta.it,Female,182.234.15.225
161,Jenine,Bartolommeo,jbartolommeo4g@gizmodo.com,Female,
162,Geri,Shinton,gshinton4h@ocn.ne.jp,Male,233.213.63.94
163,Milo,Jimes,mjimes4i@toplist.cz,Male,215.39.252.44
164,Kelly,Pavek,kpavek4j@yale.edu,Male,0.90.163.152
165,Artemis,Dudin,adudin4k@blogtalkradio.com,Male,2.238.65.15
166,Siana,Barhams,sbarhams4l@thetimes.co.uk,Female,200.77.76.228
167,Anastasie,Huffy,ahuffy4m@hatena.ne.jp,Female,226.157.214.174
168,Catharine,Churchman,cchurchman4n@naver.com,Female,158.143.3.232
169,Bellanca,Grimme,,Female,
170,Pascal,Rockhall,prockhall4p@nhs.uk,Male,
171,Demetris,Sprague,dsprague4q@eepurl.com,Female,34.145.149.236
172,Judye,Kestell,jkestell4r@amazon.com,Female,57.34.150.206
173,Reilly,Sparham,rsparham4s@ed.gov,Male,152.157.196.96
174,Claudelle,Timoney,ctimoney4t@acquirethisname.com,Female,210.33.3.194
,Siouxie,Latch,slatch4u@woothemes.com,Female,230.128.13.15
176,Tomi,Galfour,tgalfour4v@wired.com,Female,
177,Jermain,Glawsop,jglawsop4w@weibo.com,Male,220.222.142.68
178,Margalit,Hertwell,mhertwell4x@feedburner.com,Female,
179,Daven,Krol,dkrol4y@about.com,Male,95.24.215.235
180,Faun,Purdom,fpurdom4z@ucsd.edu,Female,
181,Britte,Shepley,bshepley50@washington.edu,Female,238.49.38.236
182,April,Di Batista,adibatista51@amazon.com,Female,164.238.162.159
183,Aubrey,Keirle,akeirle52@go.com,Male,
184,Donetta,Hanscomb,dhanscomb53@opera.com,Female,9.85.30.0
185,Tiphanie,Cornner,tcornner54@craigslist.org,Female,
186,Sayer,Yerill,,Male,166.174.63.24
187,Barnett,McLleese,bmclleese56@google.nl,Male,150.195.148.173
188,Tarrance,Bartel,tbartel57@bigcartel.com,Male,193.110.14.107
189,Shara,Grundon,sgrundon58@globo.com,Female,3.161.234.105
190,Leila,Dankov,ldankov59@dedecms.com,Female,97.145.9.241
191,Erin,Gymlett,egymlett5a@bloomberg.com,Male,79.149.165.211
192,Joachim,Attreed,jattreed5b@t.co,Male,216.163.23.8
193,Ephrem,Kitteringham,ekitteringham5c@java.com,Male,65.149.81.138
194,Quill,Sergison,qsergison5d@netvibes.com,Male,125.172.234.75
195,,Ruller,rruller5e@addthis.com,Female,214.39.174.130
196,Hart,Pygott,hpygott5f@hatena.ne.jp,,63.102.154.50
197,Jania,Monckman,jmonckman5g@weibo.com,Female,233.205.151.62
198,Georas,Reeson,greeson5h@weebly.com,Male,41.19.128.191
199,Massimiliano,Kensit,mkensit5i@bluehost.com,Male,156.24.114.35
200,Dina,Gulvin,,Female,62.90.88.42
201,Law,Kitcatt,lkitcatt5k@google.es,Male,36.190.160.132
202,Audrie,Povey,apovey5l@gizmodo.com,Female,17.115.253.64
203,Sheela,Kleinfeld,skleinfeld5m@yellowbook.com,Female,106.194.175.111
204,Vassili,Ferneley,vferneley5n@clickbank.net,Male,253.202.105.236
205,Flo,Fourmy,ffourmy5o@deviantart.com,Female,193.61.71.92
206,,Fairest,jfairest5p@dyndns.org,Female,81.25.167.7
207,Cinnamon,,cayerst5q@cpanel.net,Female,
208,Obed,Souter,osouter5r@usgs.gov,Male,118.206.18.194
209,Waylan,Steely,wsteely5s@privacy.gov.au,Male,87.32.68.146
210,,Goscomb,agoscomb5t@a8.net,Female,
211,Carolynn,Ilchenko,cilchenko5u@hhs.gov,Female,128.70.197.162
212,Webb,McFarlane,,Male,96.117.116.170
213,Errick,Bedome,ebedome5w@youtu.be,Male,11.243.45.171
214,Kiel,Hazelton,khazelton5x@elpais.com,Male,17.235.94.41
215,Otto,Galiero,ogaliero5y@histats.com,Male,59.50.59.125
216,Chrotoem,Yanson,cyanson5z@tuttocitta.it,Male,80.137.2.153
217,Jemmy,Lefley,jlefley60@weather.com,Female,154.118.37.74
218,Aurore,Colcutt,acolcutt61@tmall.com,Female,
219,Berkly,Ciubutaro,bciubutaro62@yellowpages.com,Male,132.195.105.187
220,Austin,Livick,alivick63@ucoz.com,Female,17.55.12.231
221,Raphael,Casterou,rcasterou64@illinois.edu,Male,189.254.28.65
222,Darrick,Paumier,dpaumier65@europa.eu,Male,171.11.147.150
223,Lotta,Tsar,ltsar66@google.de,Female,68.125.30.119
224,Brady,McCole,bmccole67@over-blog.com,Male,13.203.225.185
225,Holly-anne,Comrie,hcomrie68@twitpic.com,Female,144.197.126.240
226,Murdock,,mensor69@ovh.net,Male,133.239.87.17
227,Horton,Bohlmann,hbohlmann6a@loc.gov,Male,87.16.89.152
,Willi,Feakins,wfeakins6b@jalbum.net,Female,135.67.194.105
229,Julian,Girke,jgirke6c@liveinternet.ru,Male,160.52.201.166
230,Dena,Shearmer,dshearmer6d@ucoz.ru,Female,140.240.203.143
231,Clair,,,Female,134.71.139.45
232,Rene,,rhabgood6f@fastcompany.com,Female,203.51.240.186
233,Gilda,Sells,gsells6g@simplemachines.org,Female,175.250.209.203
234,,Rodson,lrodson6h@ning.com,Female,38.116.174.167
235,Bale,Chezier,bchezier6i@wunderground.com,Male,150.52.202.213
236,Bradford,Hurworth,bhurworth6j@wired.com,Male,141.11.193.238
237,Danna,Kiellor,dkiellor6k@ox.ac.uk,Female,84.212.150.35
238,Clementius,Cutforth,ccutforth6l@msn.com,Male,42.75.15.241
239,Vladimir,Shuard,vshuard6m@theguardian.com,Male,213.25.194.226
240,Alma,Sam,asam6n@pen.io,Female,114.137.168.181
241,Viv,Malcher,vmalcher6o@mit.edu,Female,
242,David,Gaynsford,dgaynsford6p@blogs.com,Male,180.184.175.47
243,Veriee,Louche,vlouche6q@toplist.cz,Female,230.110.25.104
244,Gram,Routhorn,grouthorn6r@tumblr.com,Male,205.53.188.135
245,,Deener,cdeener6s@hc360.com,Male,252.1.116.162
246,Kattie,,kbleackly6t@answers.com,Female,61.60.235.154
247,Zelig,Trinkwon,ztrinkwon6u@umich.edu,Male,202.44.75.174
248,Arly,Hansod,ahansod6v@hostgator.com,Female,164.44.137.36
249,Felix,Wildes,fwildes6w@ucsd.edu,Male,
250,Winthrop,Bushell,wbushell6x@de.vu,Male,
251,Fax,Hallard,fhallard6y@marketwatch.com,Male,186.194.22.80
252,,Elnaugh,aelnaugh6z@adobe.com,Male,81.168.189.129
253,Maurits,McGroarty,mmcgroarty70@ning.com,Male,
254,Paquito,Brownsworth,pbrownsworth71@hatena.ne.jp,Male,125.248.192.105
255,Christen,Klehyn,cklehyn72@webeden.co.uk,Female,167.203.204.52
256,Rad,Hetterich,rhetterich73@google.fr,Male,
257,Orsola,O'Fallon,oofallon74@hexun.com,Female,77.172.120.10
258,Brnaba,Trayte,btrayte75@123-reg.co.uk,Male,93.204.99.137
259,Kevin,Cluer,kcluer76@sphinn.com,,229.10.4.246
260,Marco,Bligh,mbligh77@netlog.com,Male,245.150.40.252
261,Lisetta,Richarz,lricharz78@taobao.com,Female,154.179.181.23
262,Ganny,Candish,gcandish79@wsj.com,Male,52.209.15.27
263,Livvie,,lallaway7a@nyu.edu,Female,24.234.142.59
264,Weston,Dunbobin,wdunbobin7b@jimdo.com,Male,158.188.6.227
265,Mireielle,Critchley,mcritchley7c@jugem.jp,Female,
266,Tye,Kensington,tkensington7d@ocn.ne.jp,Male,191.157.106.21
267,Georgiana,Schimek,gschimek7e@mayoclinic.com,Female,41.205.77.32
268,Celestina,Haugh,chaugh7f@slashdot.org,Female,219.63.52.230
269,Saudra,Bruckmann,sbruckmann7g@sbwire.com,Female,188.236.118.139
,Thurston,Spoure,tspoure7h@ucoz.ru,Male,19.252.94.195
271,Ahmad,Oneile,aoneile7i@yelp.com,Male,
272,Mirelle,Ridsdale,mridsdale7j@cbslocal.com,Female,1.34.211.10
273,Rutger,Benardet,rbenardet7k@bravesites.com,Male,62.180.53.53
274,Breena,Beaumont,bbeaumont7l@wordpress.org,,192.89.123.47
275,Grazia,Crowden,gcrowden7m@bizjournals.com,Female,21.3.151.82
,Elysia,Waddell,ewaddell7n@blinklist.com,Female,107.211.61.206
277,Armstrong,,acastleman7o@so-net.ne.jp,Male,8.71.101.117
278,Hansiain,Rubinsztein,hrubinsztein7p@php.net,,237.165.92.47
279,Riane,,rhancorn7q@nps.gov,,51.63.254.76
280,Rufe,Jakoubek,rjakoubek7r@rakuten.co.jp,Male,212.131.20.141
281,Hobard,Punter,hpunter7s@fda.gov,Male,110.70.238.12
282,Kaleb,Scogin,kscogin7t@oakley.com,Male,234.150.175.10
283,Giulio,Tute,gtute7u@addtoany.com,Male,59.196.73.84
284,Cathi,Bruneton,,Female,243.12.106.101
285,Doralynne,Brinkman,dbrinkman7w@usa.gov,Female,229.23.162.31
286,Cristine,,,Female,
287,Faye,Loffill,floffill7y@example.com,Female,200.185.16.177
288,Brantley,Fleg,bfleg7z@go.com,Male,185.243.5.34
289,Carmine,Courtes,ccourtes80@indiegogo.com,Female,193.204.182.161
290,Colin,Bessom,cbessom81@omniture.com,Male,29.241.177.130
,Carlota,Ellingsworth,cellingsworth82@imageshack.us,Female,
292,Jessy,Trolley,jtrolley83@merriam-webster.com,Female,117.178.92.122
293,Odey,Syphus,osyphus84@slashdot.org,Male,246.104.82.177
294,Cross,Andryushin,candryushin85@archive.org,Male,147.191.114.145
295,Dorey,Signoret,dsignoret86@xing.com,Male,234.43.159.115
296,Lamond,Chimienti,lchimienti87@toplist.cz,Male,207.173.120.76
297,Adham,Leggs,aleggs88@china.com.cn,Male,156.178.225.252
298,Kit,Santon,ksanton89@desdev.cn,,81.189.113.237
299,Raleigh,Collishaw,rcollishaw8a@purevolume.com,Male,12.157.102.145
300,Niccolo,Richmont,nrichmont8b@mozilla.com,Male,169.220.217.112
301,,Broke,ebroke8c@google.com,Female,54.64.72.11
302,Laverne,Serjent,lserjent8d@cocolog-nifty.com,Female,117.32.224.132
303,Dunc,Laurisch,dlaurisch8e@nature.com,Male,214.5.61.183
304,Janel,De Paepe,jdepaepe8f@tiny.cc,Female,
305,Keriann,Dobrowski,,Female,111.133.139.6
306,Carmelia,Hindenberger,chindenberger8h@google.ca,Female,36.101.240.200
307,Vale,Baptie,vbaptie8i@xing.com,Female,176.129.33.228
308,Hillyer,McGoogan,hmcgoogan8j@fema.gov,Male,157.238.9.137
309,Merrill,,mgange8k@cbsnews.com,Female,101.12.96.2
310,Tabb,Braunston,tbraunston8l@weibo.com,Male,130.211.116.237
311,Minnaminnie,Emeny,memeny8m@liveinternet.ru,Female,30.160.32.46
312,Morgen,McManamon,mmcmanamon8n@reverbnation.com,Female,5.90.127.189
313,Broddy,Oxtarby,boxtarby8o@wp.com,Male,121.72.64.4
314,Kali,Trimble,ktrimble8p@jimdo.com,Female,151.82.204.234
315,Mozelle,Rittelmeyer,mrittelmeyer8q@google.pl,Female,63.249.57.117
316,Beulah,Dumphrey,bdumphrey8r@fastcompany.com,Female,248.173.203.154
317,Kermit,Beharrell,kbeharrell8s@harvard.edu,Male,97.145.204.120
318,Tiffanie,Eaglesham,,Female,212.159.251.105
319,Aloise,Thackston,athackston8u@indiegogo.com,Female,249.41.105.153
320,Garland,Newcom,gnewcom8v@army.mil,Female,
321,Chane,Gladdolph,cgladdolph8w@answers.com,Male,37.126.74.8
322,Jacquelyn,Trimble,jtrimble8x@cafepress.com,Female,58.112.79.63
323,Luella,Heningam,,Female,164.66.222.11
324,,Gales,ngales8z@goo.ne.jp,Female,58.166.226.169
325,Julio,Rizzello,jrizzello90@wp.com,Male,46.181.212.154
326,Derril,Shivell,dshivell91@epa.gov,Male,101.76.56.76
327,Alon,Slevin,aslevin92@whitehouse.gov,Male,74.0.175.2
328,Timmi,Meegin,tmeegin93@europa.eu,Female,
329,Shari,Bayles,sbayles94@un.org,Female,
330,Yetta,Striker,ystriker95@bloglines.com,Female,59.14.189.81
331,Wally,Ewart,wewart96@usa.gov,Female,86.241.103.137
332,Percy,Coveny,pcoveny97@rediff.com,Male,22.143.190.85
333,Menard,Van der Brugge,mvanderbrugge98@freewebs.com,Male,221.15.209.95
334,Gertrud,Bosward,gbosward99@apache.org,Female,211.52.52.163
335,Devin,,dandrusov9a@networksolutions.com,Male,74.77.110.101
336,Regina,,rforten9b@reuters.com,Female,67.129.139.175
337,Ellynn,,,Female,210.152.104.19
338,,Boothby,aboothby9d@jiathis.com,Female,153.30.15.226
339,Ellary,Fielders,,Male,68.139.82.91
340,Abbye,Scathard,ascathard9f@gnu.org,,25.190.143.149
341,Yulma,Mobberley,ymobberley9g@eventbrite.com,Male,174.47.151.212
342,Nobe,Hartnup,nhartnup9h@istockphoto.com,Male,48.110.139.141
343,Mauricio,Postles,,Male,229.15.23.155
344,Julieta,Scarbarrow,jscarbarrow9j@alibaba.com,Female,255.182.222.120
345,Austin,Samsworth,asamsworth9k@gizmodo.com,Male,2.215.10.83
346,Horst,Fancourt,hfancourt9l@vkontakte.ru,Male,40.80.160.123
347,Gordy,Craiker,gcraiker9m@example.com,Male,51.36.192.153
348,Nessa,Izsak,nizsak9n@github.io,Female,253.8.88.240
349,Franz,MacKain,fmackain9o@diigo.com,Male,101.36.41.247
350,Mose,Gynni,mgynni9p@businesswire.com,Male,199.239.69.0
351,,Paolozzi,epaolozzi9q@theglobeandmail.com,Female,14.43.211.126
352,Jesse,Willwood,jwillwood9r@umn.edu,Female,77.193.94.212
353,Donal,Sides,dsides9s@adobe.com,Male,
354,Clarissa,Molan,cmolan9t@shop-pro.jp,Female,217.240.37.227
355,Karole,Corradetti,,Female,122.211.209.195
356,Melisenda,Bruntjen,mbruntjen9v@51.la,Female,214.152.69.170
357,Kim,Webley,kwebley9w@mapquest.com,Male,193.252.110.8
358,Seymour,Skune,sskune9x@hatena.ne.jp,Male,54.89.194.47
359,Guthrie,Burbage,gburbage9y@de.vu,Male,
360,Bendix,Purtell,bpurtell9z@liveinternet.ru,Male,201.41.33.83
361,Andrew,Rutty,,Male,
362,Gerald,Surtees,gsurteesa1@mayoclinic.com,Male,145.37.94.59
363,Anne-corinne,Fierro,afierroa2@columbia.edu,Female,172.46.29.10
364,Bobbee,,beykelhofa3@digg.com,,238.126.211.204
365,Filip,,ftripconya4@g.co,Male,16.155.128.205
366,Val,Bissatt,vbissatta5@bandcamp.com,,43.250.184.52
367,Mandy,Babon,mbabona6@google.com,Female,154.98.72.150
368,,Petri,hpetria7@blogs.com,Female,166.81.43.175
369,Meyer,Rouch,mroucha8@economist.com,Male,175.36.203.16
370,Loreen,Townend,ltownenda9@cornell.edu,Female,228.82.127.72
371,Rowe,Busswell,rbusswellaa@weebly.com,Female,45.154.47.0
372,Portie,Ralls,prallsab@accuweather.com,Male,76.193.179.18
373,Sadie,Mityushin,smityushinac@photobucket.com,Female,143.21.77.17
374,Adan,Godding,agoddingad@scientificamerican.com,Female,74.110.248.7
375,Renee,Nisby,rnisbyae@ocn.ne.jp,Female,65.250.19.11
376,Tiler,Sparry,tsparryaf@baidu.com,Male,254.168.227.237
377,Fidole,Troman,ftromanag@thetimes.co.uk,Male,74.24.8.111
378,Cindie,Fozard,cfozardah@cargocollective.com,Female,
379,Gertrud,Aggis,gaggisai@sina.com.cn,Female,
380,Giulia,Gelland,,,213.59.8.239
381,Benton,Dilawey,bdilaweyak@diigo.com,Male,218.21.122.182
382,Mozes,Cooley,mcooleyal@dmoz.org,Male,162.243.61.247
383,Kerr,Jeger,kjegeram@shareasale.com,Male,231.170.250.129
384,Helenka,,hprovostan@rediff.com,Female,
385,Gusella,Redmain,,Female,109.185.236.4
386,Kim,Benham,kbenhamap@wisc.edu,Female,40.237.5.74
,Kennith,Dono,kdonoaq@reverbnation.com,Male,
388,Humfrid,Stopper,hstopperar@si.edu,Male,246.243.27.54
389,Thatcher,Ryan,tryanas@weather.com,Male,62.157.209.27
390,Linette,Sloat,lsloatat@trellian.com,Female,123.73.174.139
391,Allix,Gookey,agookeyau@ft.com,Female,80.127.166.42
392,Oliy,Garbott,ogarbottav@freewebs.com,Female,128.40.60.65
393,Dominic,Breissan,dbreissanaw@deliciousdays.com,Male,227.127.251.136
394,Owen,Pidgeon,opidgeonax@php.net,Male,72.205.237.64
395,Samara,Labbe,slabbeay@techcrunch.com,Female,77.129.35.16
396,Clemence,Boler,cboleraz@vimeo.com,Female,168.80.108.88
397,Anestassia,Crowch,acrowchb0@mapy.cz,Female,76.2.222.125
398,,Witch,awitchb1@vk.com,,72.100.242.124
399,Kyle,Derisley,kderisleyb2@networksolutions.com,Male,96.135.95.41
400,Cassie,Hothersall,chothersallb3@rediff.com,Male,58.26.252.26
401,Addison,Martinson,amartinsonb4@google.co.jp,Male,31.161.254.131
402,Annadiana,Napthine,anapthineb5@webnode.com,Female,173.33.147.52
403,Freddie,Anglish,fanglishb6@histats.com,Male,159.174.29.144
404,,Moorman,dmoormanb7@myspace.com,Male,5.163.147.181
405,Aubry,Paulou,apauloub8@typepad.com,Female,108.194.223.200
406,,Medlen,mmedlenb9@mtv.com,Female,43.131.148.129
407,Giustina,,gkingwellba@networksolutions.com,Female,55.115.60.229
408,Kyle,,kdupeybb@t.co,Male,85.75.246.138
409,Rebecca,Brisard,rbrisardbc@de.vu,Female,199.17.78.200
410,Torrey,Messom,,Male,243.44.232.166
411,Tessi,Bauer,tbauerbe@goodreads.com,,143.147.67.95
412,Shaylyn,Duignan,,Female,10.131.251.117
413,Michele,Ogborn,mogbornbg@noaa.gov,Female,151.139.27.29
414,Amaleta,Dowdam,adowdambh@ezinearticles.com,Female,231.254.148.220
415,Erie,Ponsford,eponsfordbi@ft.com,Male,
416,Regan,Leveridge,rleveridgebj@list-manage.com,Male,62.89.10.169
,Ulrike,Stoffels,ustoffelsbk@trellian.com,Female,244.1.161.69
418,Delano,Andreasson,dandreassonbl@google.ca,Male,15.132.174.69
419,,Wallbrook,mwallbrookbm@networkadvertising.org,Male,
420,Dael,Bowe,dbowebn@ocn.ne.jp,Female,155.223.240.35
421,Matteo,Oglesbee,moglesbeebo@blogtalkradio.com,Male,119.110.56.52
422,Rufus,Hayer,rhayerbp@amazon.co.jp,Male,3.18.62.216
423,Winifield,Ends,wendsbq@newsvine.com,Male,181.88.66.68
424,Ellyn,Nason,enasonbr@soup.io,Female,220.123.115.153
425,Shelbi,Tointon,stointonbs@samsung.com,Female,77.149.229.47
426,Batholomew,De Gregoli,bdegregolibt@wired.com,Male,30.12.196.61
427,Nat,Leades,nleadesbu@ucsd.edu,Female,
428,Orella,Oswal,ooswalbv@yellowbook.com,,
429,Karlie,Ferenczy,kferenczybw@theglobeandmail.com,Female,209.201.12.58
430,Misti,Marshfield,mmarshfieldbx@sakura.ne.jp,,99.239.117.165
431,Reidar,McDirmid,rmcdirmidby@youku.com,Male,31.13.162.217
432,Jo,Corns,jcornsbz@plala.or.jp,Male,
433,Morgen,Plaistowe,mplaistowec0@smugmug.com,Female,130.180.254.81
434,Pat,Cherrington,pcherringtonc1@weather.com,Male,4.41.2.5
435,Sebastian,Tegeller,stegellerc2@fda.gov,Male,196.176.176.175
436,Ilyse,Pringuer,ipringuerc3@sakura.ne.jp,,123.52.141.237
437,Hilary,Sommerland,hsommerlandc4@google.co.jp,Female,104.183.132.69
438,Sloane,Roantree,sroantreec5@forbes.com,Male,
439,Ignacio,Quickfall,iquickfallc6@imgur.com,Male,23.221.83.60
440,Herve,Durnford,hdurnfordc7@a8.net,,183.249.16.250
441,Turner,Itzik,titzikc8@geocities.jp,Male,55.70.56.162
442,Andrei,Tie,atiec9@census.gov,,4.33.209.228
443,,Gamwell,sgamwellca@upenn.edu,Female,247.108.4.28
444,Vinny,Franckton,vfrancktoncb@google.co.jp,Male,34.239.229.139
,Rebekkah,Neal,rnealcc@indiegogo.com,Female,
446,,Greenhaugh,kgreenhaughcd@illinois.edu,Female,177.106.60.138
447,Kennie,Scatcher,,,81.13.214.115
448,Flem,,ftakkoscf@flickr.com,Male,66.163.206.50
449,Preston,Camilli,pcamillicg@cornell.edu,Male,147.57.235.184
450,Rickie,Crean,rcreanch@360.cn,,150.77.127.44
451,Richmound,Stogill,,Male,124.83.24.104
452,Keene,Brumwell,kbrumwellcj@multiply.com,Male,192.114.232.109
,Sadye,Pautot,spautotck@macromedia.com,Female,215.193.197.249
454,Everard,Hazeup,ehazeupcl@dailymail.co.uk,Male,
455,Herbie,Girkins,hgirkinscm@bluehost.com,,
456,Elroy,Anstis,eanstiscn@histats.com,Male,233.202.12.71
457,Lodovico,Mottram,lmottramco@census.gov,Male,116.4.128.111
458,Wilone,Reditt,,Female,
459,Hewie,Blencowe,hblencowecq@examiner.com,Male,101.6.152.235
460,Filbert,Waggitt,fwaggittcr@patch.com,Male,68.198.226.194
461,Becky,Maudlin,bmaudlincs@webeden.co.uk,Female,178.9.14.139
462,Sasha,Lack,slackct@chron.com,Male,
463,Alexandros,Rhys,arhyscu@posterous.com,Male,189.31.94.65
464,Robinia,Barthram,rbarthramcv@sciencedaily.com,Female,37.67.6.60
465,Salomi,McAllan,smcallancw@upenn.edu,Female,167.109.4.141
466,Tamarra,Reardon,treardoncx@histats.com,,65.31.96.230
467,Zacharie,,zdunkleycy@pen.io,Male,54.249.208.90
468,Karalee,Fraser,kfrasercz@goo.gl,Female,170.64.255.69
469,,Cunningham,pcunninghamd0@craigslist.org,Female,155.2.89.80
470,Jana,Dunwoody,jdunwoodyd1@weibo.com,Female,
471,Robinet,Clemanceau,rclemanceaud2@cdc.gov,Male,83.179.177.202
472,Selina,Keith,skeithd3@bigcartel.com,Female,5.206.193.92
473,Marilee,Churly,mchurlyd4@yellowpages.com,Female,95.204.162.245
474,Cristina,Tingey,ctingeyd5@sohu.com,Female,102.35.106.25
475,Monique,Vickarman,mvickarmand6@ning.com,Female,
476,Micky,Roblett,mroblettd7@plala.or.jp,Male,45.201.251.67
477,Ade,Cagan,acagand8@ft.com,Male,45.14.71.5
478,Jerrylee,Eddisforth,jeddisforthd9@goodreads.com,Female,215.76.124.174
479,Nowell,Grigoroni,ngrigoronida@cam.ac.uk,,53.67.53.119
480,Woody,,,Male,218.47.186.117
481,Ezra,Twyning,etwyningdc@360.cn,Male,141.166.157.157
482,Rodrigo,Ciotto,rciottodd@soup.io,Male,227.200.107.145
483,Delbert,Sutherel,dsutherelde@nih.gov,Male,141.220.40.1
,Gabriel,Lackmann,glackmanndf@usatoday.com,,49.25.196.156
485,Pepito,Howden,phowdendg@gnu.org,Male,194.213.121.97
486,Emmye,Peracco,eperaccodh@bloomberg.com,Female,112.153.72.165
487,Paxton,Rennard,prennarddi@nifty.com,Male,86.132.85.193
488,Adaline,Minall,aminalldj@uol.com.br,Female,163.80.8.121
489,Guss,Francino,gfrancinodk@sciencedaily.com,Male,157.104.169.137
490,,Ellerington,delleringtondl@dedecms.com,Female,52.69.149.143
491,Jennie,Corten,jcortendm@fema.gov,Female,102.245.17.56
492,Dela,Shinton,dshintondn@marketwatch.com,Female,126.199.217.73
493,Kain,Eby,kebydo@furl.net,Male,206.171.47.218
494,Guendolen,Gauge,ggaugedp@netvibes.com,Female,184.214.16.107
,Bonnee,Loveredge,bloveredgedq@163.com,Female,42.102.89.162
,Frayda,Leydon,fleydondr@irs.gov,Female,111.19.171.36
497,Noah,Gabbatt,ngabbattds@reference.com,Male,245.75.211.250
498,Floyd,Kingswood,fkingswooddt@msn.com,Male,242.179.68.225
499,Kiersten,Pidgen,kpidgendu@bluehost.com,Female,58.73.178.93
500,Johannah,,jpaszakdv@pbs.org,Female,2.191.204.2
501,,,cleitchdw@google.ru,Male,54.245.253.203
502,Bernie,Cone,,Female,67.17.162.157
503,Juliet,,jlaugharnedy@tumblr.com,Female,198.230.221.85
504,Aleksandr,Gorick,agorickdz@baidu.com,Male,182.228.133.44
505,Shae,Sciacovelli,ssciacovellie0@timesonline.co.uk,Female,141.149.183.234
506,Emmerich,Sexcey,esexceye1@biglobe.ne.jp,Male,182.45.208.67
507,Camel,Binder,cbindere2@prweb.com,Female,73.69.165.178
508,Jolee,O'Murtagh,jomurtaghe3@answers.com,Female,17.202.48.0
509,Dorotea,Capinetti,dcapinettie4@accuweather.com,Female,
510,Olivier,Barrington,obarringtone5@webeden.co.uk,Male,191.123.68.191
511,Lorie,Bonas,lbonase6@feedburner.com,Female,141.43.177.12
512,Roselin,Michallat,,Female,38.214.81.55
513,Michaella,Fossett,mfossette8@jugem.jp,Female,225.152.65.84
514,Eileen,Flury,eflurye9@ifeng.com,Female,123.229.157.114
515,Florance,Utterson,futtersonea@over-blog.com,Female,255.155.75.21
516,Lindy,Newcombe,,Female,31.235.158.4
517,Udell,Frensch,,Male,122.209.108.223
518,Martie,Court,mcourted@nationalgeographic.com,Male,253.152.35.45
519,Clo,Newling,cnewlingee@home.pl,Female,149.11.92.176
520,Sigismund,Pennyman,,Male,54.213.214.244
521,Almira,Chang,achangeg@acquirethisname.com,Female,242.194.217.229
522,Kimmy,Kitching,kkitchingeh@bigcartel.com,Female,134.207.15.216
523,Ethe,Merrett,emerrettei@irs.gov,Male,30.155.34.227
524,Barnebas,Sagg,bsaggej@cafepress.com,Male,201.250.164.172
525,Elvis,Stansfield,estansfieldek@nature.com,Male,153.210.74.65
526,Arlen,Lindwasser,alindwasserel@google.ca,Female,194.29.111.82
527,Tiler,Parsand,tparsandem@hao123.com,Male,187.160.76.142
528,Weider,Matteau,wmatteauen@quantcast.com,Male,96.6.152.43
529,Augustine,Cotter,acottereo@apache.org,,245.186.224.92
530,Hewie,Gaskin,hgaskinep@vistaprint.com,Male,252.52.138.162
531,Ruperto,de Juares,,Male,150.196.200.233
532,Nikolaos,Devanney,ndevanneyer@geocities.com,Male,132.171.219.125
533,Linzy,Shale,lshalees@nasa.gov,Female,183.230.74.234
,Haven,MacKintosh,hmackintoshet@linkedin.com,Male,175.193.202.195
535,Riccardo,Burnand,rburnandeu@cbc.ca,,158.161.115.87
536,Sondra,Haibel,shaibelev@wordpress.com,Female,244.76.119.220
537,Suzanna,Kuzemka,,Female,236.71.165.182
538,Reynolds,Fison,rfisonex@prnewswire.com,Male,213.194.207.222
539,Costa,Vasilic,cvasilicey@senate.gov,Male,56.168.30.225
540,Yorgos,Catherick,ycatherickez@flickr.com,Male,248.175.116.153
541,Anneliese,Magner,amagnerf0@phoca.cz,Female,67.104.144.110
,Addie,Rooksby,arooksbyf1@wikimedia.org,Male,114.243.88.133
543,Gilda,Whistance,gwhistancef2@deliciousdays.com,Female,199.174.49.211
544,Stacee,Pettifor,spettiforf3@china.com.cn,Male,246.252.139.17
545,Rennie,Ashplant,rashplantf4@xinhuanet.com,Female,217.186.41.46
546,Diane-marie,Gisbey,dgisbeyf5@google.ca,Female,170.151.202.235
547,Benjamin,Ayrton,bayrtonf6@marketwatch.com,,188.128.10.177
548,Leese,Isgar,lisgarf7@soup.io,Female,177.95.83.253
549,Letizia,Hayter,lhayterf8@ovh.net,Female,90.21.26.13
550,Rouvin,Bidgod,rbidgodf9@dell.com,Male,
551,Carver,Jeaycock,cjeaycockfa@shop-pro.jp,Male,148.19.74.216
552,Morton,,mheninghamfb@foxnews.com,Male,251.138.113.153
553,Fey,Brickstock,fbrickstockfc@dot.gov,Female,81.211.217.110
554,Victoir,Ferran,,,95.74.231.98
555,Cissy,Castiglione,ccastiglionefe@artisteer.com,Female,24.72.200.98
556,Gabbie,Rubel,grubelff@fda.gov,Male,89.162.35.230
557,Shannon,Gouldthorp,sgouldthorpfg@fda.gov,Male,
558,Dolley,Rosenfelt,drosenfeltfh@un.org,Female,44.188.150.68
559,Herby,Maddicks,hmaddicksfi@pcworld.com,Male,18.90.138.117
560,Tripp,McGarel,tmcgarelfj@squarespace.com,Male,31.16.236.16
561,Clarinda,Wank,cwankfk@va.gov,Female,233.219.39.248
562,Field,,feickhofffl@com.com,Male,169.115.183.171
563,Alasdair,Nicholson,anicholsonfm@merriam-webster.com,Male,99.48.89.121
564,Mehetabel,Milella,mmilellafn@admin.ch,Female,238.75.216.116
,Bunnie,O'Spellissey,bospellisseyfo@time.com,Female,247.236.231.183
566,Angeline,Spraberry,aspraberryfp@mayoclinic.com,Female,29.143.204.42
567,Pauline,Bachshell,pbachshellfq@topsy.com,Female,181.169.92.49
568,Stephine,Coyte,scoytefr@bbc.co.uk,Female,243.113.28.106
569,Zorine,Jackes,zjackesfs@xing.com,Female,157.211.31.140
570,Raymund,Benian,rbenianft@eepurl.com,Male,246.238.109.237
571,Marin,Stood,mstoodfu@japanpost.jp,Female,58.141.242.54
572,Wilone,MacKniely,wmacknielyfv@cloudflare.com,Female,40.214.228.201
573,Tabor,Lean,tleanfw@mashable.com,Male,209.219.131.213
574,,Cregan,gcreganfx@nyu.edu,Female,76.93.96.3
575,Vanni,Don,vdonfy@gmpg.org,Female,188.54.175.170
576,Murdoch,Edmett,,Male,20.231.219.179
577,Micah,Janse,,Male,203.207.42.31
578,Matelda,Spedroni,mspedronig1@forbes.com,,
579,Kesley,Hamlin,khamling2@boston.com,Female,
580,Arty,Bein,abeing3@acquirethisname.com,Male,
581,Renata,Greenshiels,rgreenshielsg4@senate.gov,Female,25.75.65.93
582,Cord,Willox,cwilloxg5@chron.com,Male,24.29.230.188
583,Sean,Karim,skarimg6@microsoft.com,Male,117.225.84.212
584,Garrard,,gshearmang7@psu.edu,Male,124.109.205.204
585,Lorilyn,Diegan,ldiegang8@plala.or.jp,Female,39.39.9.172
586,Skippie,Gofford,sgoffordg9@wikipedia.org,Male,
587,Katha,Foote,kfootega@delicious.com,Female,135.75.181.18
588,Tracy,Pover,tpovergb@vistaprint.com,Female,116.165.171.239
589,Lorrayne,Mudd,lmuddgc@nymag.com,Female,19.41.97.147
590,Reggi,Blatherwick,,Female,204.91.139.192
591,Viole,McLucky,vmcluckyge@disqus.com,,93.79.0.195
592,Marabel,Martschke,mmartschkegf@ask.com,Female,96.127.114.244
593,Gigi,Spry,gsprygg@jimdo.com,Female,118.70.41.237
594,Consolata,Keher,,Female,178.22.180.190
595,Eddie,Moppett,emoppettgi@github.io,Male,247.71.197.141
596,Randie,Forsey,rforseygj@army.mil,Male,
597,Linet,Chitty,,Female,229.189.153.206
598,Rriocard,Spackman,rspackmangl@prlog.org,Male,191.152.49.82
599,Nita,Camlin,ncamlingm@admin.ch,Female,134.176.130.171
600,Dorolice,Bahls,dbahlsgn@elpais.com,Female,26.126.91.198
601,Raquela,Algate,ralgatego@boston.com,Female,221.56.80.204
602,,Scopham,bscophamgp@bbc.co.uk,Female,
603,Nedi,Dowbiggin,ndowbiggingq@printfriendly.com,Female,108.61.35.35
604,Clarice,Vondra,cvondragr@baidu.com,Female,4.223.45.167
605,Jolyn,Riddiough,jriddioughgs@php.net,Female,176.242.169.98
606,Berkeley,Gyurkovics,bgyurkovicsgt@ox.ac.uk,Male,49.14.185.229
607,Isidoro,Lintill,ilintillgu@wunderground.com,Male,164.73.40.104
608,Kahaleel,Whiskerd,kwhiskerdgv@illinois.edu,Male,253.50.21.89
609,Jobie,Lenoir,jlenoirgw@livejournal.com,Female,203.3.154.243
610,Lucais,Maberley,lmaberleygx@nifty.com,Male,82.186.55.24
,Priscella,Wilmott,pwilmottgy@ucoz.com,Female,250.32.186.210
612,Kearney,Flack,kflackgz@walmart.com,Male,80.15.4.205
613,Aube,Giraldo,agiraldoh0@vinaora.com,Male,26.235.28.152
614,Inger,Noulton,inoultonh1@goodreads.com,Male,76.186.232.222
615,Britteny,Bogie,bbogieh2@tinypic.com,Female,81.173.67.97
616,Darline,Percifer,dperciferh3@china.com.cn,,204.192.7.66
617,Joachim,Rowson,jrowsonh4@scribd.com,Male,236.183.244.50
618,Samaria,Wheway,swhewayh5@jigsy.com,Female,73.62.189.229
619,,Dolan,cdolanh6@chron.com,Male,227.23.161.64
620,Brew,Clayborn,bclaybornh7@wikispaces.com,Male,139.175.111.156
621,Davin,Pomphrett,dpomphretth8@unesco.org,Male,30.28.152.0
622,Dniren,Audritt,daudritth9@nih.gov,Female,
623,Gnni,Aggott,,Female,
624,Darrelle,Yanyushkin,dyanyushkinhb@nsw.gov.au,Female,111.220.140.207
625,Gail,Halwill,ghalwillhc@eventbrite.com,Female,8.92.216.57
626,Lonni,Michelle,lmichellehd@oaic.gov.au,Female,171.27.41.220
627,Lorrie,Vowell,lvowellhe@disqus.com,Female,112.153.200.255
628,Beck,Gunnell,bgunnellhf@go.com,Male,186.119.60.11
629,Gerri,Jerram,gjerramhg@salon.com,,139.108.38.66
630,Chantal,,,Female,148.102.230.24
,Corilla,Huard,chuardhi@homestead.com,Female,26.36.148.223
632,Kippar,Mordin,kmordinhj@hao123.com,Male,141.120.71.215
633,,Styant,dstyanthk@mtv.com,Female,220.81.189.37
634,Barbra,Caroll,bcarollhl@discuz.net,Female,51.138.43.224
635,Marion,Dun,mdunhm@scribd.com,Female,253.147.106.190
636,Rodney,Valdes,rvaldeshn@bloomberg.com,Male,206.253.200.4
637,Stanley,Duchenne,sduchenneho@artisteer.com,,113.150.225.37
638,Buddy,Salleir,bsalleirhp@ycombinator.com,,232.72.116.144
639,Joanna,Phillip,jphilliphq@tumblr.com,Female,50.251.59.16
640,Gregg,Gaskill,ggaskillhr@merriam-webster.com,Male,18.253.170.206
641,Harrison,Clout,hclouths@prlog.org,Male,173.236.241.86
642,Gardner,Jeppe,gjeppeht@sohu.com,Male,36.115.17.110
643,April,Goeff,agoeffhu@ihg.com,Female,
644,Estelle,Joincey,ejoinceyhv@over-blog.com,Female,110.130.255.110
645,Fran,O'Cahsedy,focahsedyhw@un.org,Male,223.108.57.25
646,Minetta,Burnsell,mburnsellhx@google.es,,
647,Chrystel,Gilvary,cgilvaryhy@technorati.com,,249.151.21.104
648,Cristal,Skitt,cskitthz@nationalgeographic.com,Female,144.161.165.231
649,Scotty,Barriball,sbarriballi0@discuz.net,Male,126.103.35.228
650,Kelcey,Menichillo,kmenichilloi1@wikimedia.org,Female,103.228.117.254
651,Adelbert,Grishukov,agrishukovi2@jugem.jp,Male,56.118.28.175
652,Hanan,Landor,hlandori3@geocities.com,,
653,Roddie,Ebdin,rebdini4@google.com.au,Male,77.13.66.58
654,,,cwitardi5@cornell.edu,Female,184.84.82.118
655,Davis,O'Howbane,dohowbanei6@yahoo.com,Male,198.75.136.58
656,Donovan,Flewan,dflewani7@prlog.org,Male,42.122.126.144
657,Constantin,Stealy,cstealyi8@diigo.com,Male,52.160.53.10
658,Hilary,Cakes,hcakesi9@columbia.edu,Male,229.163.127.25
659,Ulberto,Morrid,umorridia@merriam-webster.com,Male,100.142.215.69
660,Calv,Realff,crealffib@princeton.edu,Male,
661,Fairfax,Belf,fbelfic@netlog.com,Male,163.30.91.194
662,Charisse,Colloby,ccollobyid@samsung.com,,122.194.188.213
663,Jacob,Osgar,josgarie@ebay.com,Male,85.90.178.205
664,Hobey,Veysey,hveyseyif@google.it,Male,70.5.82.201
665,Maureen,Feeney,mfeeneyig@fema.gov,Female,99.209.65.6
666,Melody,McTrustey,,Female,
667,Elissa,Crimp,ecrimpii@ebay.com,Female,217.9.78.135
668,Erasmus,Teas,eteasij@woothemes.com,Male,218.243.88.160
669,Nero,Kornyshev,nkornyshevik@infoseek.co.jp,Male,16.97.174.128
670,Kakalina,Ten Broek,ktenbroekil@forbes.com,Female,235.65.25.152
671,Siward,Follos,sfollosim@craigslist.org,Male,
672,Ragnar,Millberg,,Male,84.230.147.8
673,Obadiah,Alleyn,oalleynio@blog.com,Male,139.135.27.12
674,Lindie,Jovic,ljovicip@macromedia.com,,167.225.155.106
675,Zabrina,Ameer-Beg,zameerbegiq@zimbio.com,Female,52.143.150.125
676,Sophronia,Rettie,srettieir@disqus.com,Female,
677,Maggi,Gregoraci,mgregoraciis@si.edu,Female,38.198.104.249
678,Stinky,Parkes,sparkesit@creativecommons.org,Male,70.175.216.51
679,Stacey,Lemmer,slemmeriu@scribd.com,Female,39.136.115.170
680,Isidoro,Durtnal,idurtnaliv@yahoo.com,Male,167.37.41.224
681,Bruce,Lakeland,blakelandiw@skyrock.com,Male,183.247.32.182
682,Robert,Scading,rscadingix@netlog.com,Male,103.46.238.43
683,Jaime,Osgardby,josgardbyiy@fotki.com,Female,
684,Hoyt,Acome,hacomeiz@shinystat.com,Male,
685,Dollie,Pendreigh,dpendreighj0@last.fm,Female,
686,Della,Elwel,delwelj1@baidu.com,Female,
687,Webster,Aylin,waylinj2@aol.com,Male,245.190.169.198
688,Stefa,Tipperton,stippertonj3@hc360.com,Female,55.61.73.124
689,Rhianna,Pedlow,rpedlowj4@blog.com,Female,47.138.36.167
690,Trescha,Suermeier,tsuermeierj5@timesonline.co.uk,Female,41.188.17.183
691,Em,Hitzke,ehitzkej6@printfriendly.com,Male,172.82.185.206
692,Pen,Lewry,plewryj7@dell.com,Male,127.121.46.126
693,Guy,Freiberg,gfreibergj8@china.com.cn,Male,132.191.216.50
694,Gladys,Foskett,gfoskettj9@istockphoto.com,Female,3.198.194.137
695,Camey,Sutheran,csutheranja@bbc.co.uk,Male,33.83.35.205
696,Irvin,Gleder,iglederjb@dropbox.com,Male,177.134.34.181
697,Elvina,Summerton,,Female,216.238.143.141
698,Annabelle,Muslim,amuslimjd@independent.co.uk,Female,252.174.163.35
699,Charmian,Careswell,ccareswellje@cam.ac.uk,Female,214.132.235.173
700,Scarface,Aspital,saspitaljf@ftc.gov,Male,80.152.158.235
701,Lind,Bingall,lbingalljg@hao123.com,Female,55.139.18.11
702,Ailsun,Braithwait,abraithwaitjh@weather.com,Female,172.144.93.74
703,Celestia,Harriott,,Female,84.88.132.40
704,Dinny,Ridulfo,dridulfojj@marketwatch.com,Female,199.98.246.4
705,Wolfgang,Stanman,wstanmanjk@dailymotion.com,Male,
706,Jackqueline,,joclovanjl@jimdo.com,Female,208.145.223.58
707,Valene,Brooksbie,vbrooksbiejm@umn.edu,Female,44.135.19.45
708,Jakie,Winslow,jwinslowjn@theatlantic.com,Male,192.160.22.46
709,Celeste,Chastand,cchastandjo@barnesandnoble.com,Female,103.3.233.34
710,Florella,Neilson,fneilsonjp@yahoo.com,Female,246.88.104.179
711,Simonne,Lutton,sluttonjq@go.com,Female,228.39.179.203
712,Lanie,Trillo,,Male,62.236.89.146
713,,Capper,ccapperjs@dedecms.com,Male,59.55.143.17
714,Carmelle,Pennycord,cpennycordjt@meetup.com,Female,
715,Marillin,Manoelli,mmanoelliju@typepad.com,,89.81.51.46
716,Tressa,Yousef,tyousefjv@engadget.com,Female,
717,Korry,Izen,kizenjw@1688.com,Female,152.16.98.103
,Teriann,Glynn,tglynnjx@yelp.com,Female,237.92.2.199
719,Dare,Westgate,dwestgatejy@noaa.gov,Male,117.88.48.181
720,Mohandis,Gillbanks,mgillbanksjz@dailymotion.com,Male,243.164.9.135
721,Layton,Parades,lparadesk0@scientificamerican.com,Male,105.69.148.15
722,Lester,Alster,lalsterk1@canalblog.com,Male,24.33.202.158
,Leslie,Shimuk,lshimukk2@list-manage.com,Female,196.205.168.118
,Virgie,Klesel,vkleselk3@tinyurl.com,,143.190.185.150
725,Sharon,Fugere,sfugerek4@joomla.org,Female,215.35.248.23
726,Elsinore,Learmonth,elearmonthk5@devhub.com,Female,78.20.133.63
727,Matthieu,Lawday,mlawdayk6@amazon.co.uk,Male,34.254.35.138
728,,Trighton,gtrightonk7@mit.edu,Male,207.111.40.75
729,Myrtle,Acheson,machesonk8@archive.org,Female,164.157.129.235
730,Ania,Fetherstonhaugh,afetherstonhaughk9@cornell.edu,Female,214.231.77.230
731,Goldy,Colthurst,gcolthurstka@unesco.org,Female,16.195.69.186
732,Bram,Ismail,bismailkb@msn.com,Male,10.144.115.176
733,Corbin,Athridge,cathridgekc@virginia.edu,Male,
734,Derwin,Jakes,djakeskd@privacy.gov.au,Male,44.89.84.186
735,Vickie,Abbey,vabbeyke@163.com,Female,230.30.206.134
736,Deborah,Braga,dbragakf@cnet.com,Female,231.218.29.205
737,Davida,O'Griffin,dogriffinkg@shop-pro.jp,Female,41.145.114.34
738,Buckie,Rossborough,brossboroughkh@csmonitor.com,Male,132.107.214.39
739,Grannie,Brocket,gbrocketki@google.ru,,73.253.223.5
740,Orton,Sweynson,osweynsonkj@oakley.com,Male,4.188.89.0
741,,Haughian,dhaughiankk@hexun.com,Male,
742,Spence,Northover,snorthoverkl@about.com,Male,141.153.203.185
743,Rosaline,Dowbakin,rdowbakinkm@oaic.gov.au,Female,172.83.41.117
744,Ford,Idenden,,Male,241.156.177.214
745,Auberon,Crockatt,,,172.144.234.141
746,Con,,,,147.113.99.27
747,Waldo,Von Helmholtz,wvonhelmholtzkq@chron.com,Male,188.180.123.25
748,Babita,Hospital,bhospitalkr@wired.com,Female,35.200.137.17
749,Rutter,Broady,rbroadyks@state.tx.us,Male,179.88.107.154
750,Harwell,Nisuis,hnisuiskt@addthis.com,Male,162.99.29.202
751,Georgia,Feechum,gfeechumku@pinterest.com,Female,110.183.68.205
752,Christoper,Gilogly,cgiloglykv@bing.com,Male,221.4.88.42
753,Delores,New,dnewkw@deliciousdays.com,Female,
754,Prinz,Greenside,pgreensidekx@tumblr.com,Male,96.252.36.130
,Honoria,Clilverd,,Female,4.155.82.170
756,Bernadette,Lowthorpe,blowthorpekz@paypal.com,,194.57.69.107
757,Lusa,Stanfield,lstanfieldl0@yelp.com,Female,200.178.183.74
758,Sioux,Canete,scanetel1@quantcast.com,Female,239.83.153.159
759,Tandie,Suche,tsuchel2@engadget.com,Female,254.126.221.252
760,,Haycock,lhaycockl3@jalbum.net,Female,218.133.72.33
761,Urban,Strangman,ustrangmanl4@printfriendly.com,Male,197.54.33.142
762,Pegeen,Caneo,pcaneol5@foxnews.com,Female,63.244.139.130
763,Hugibert,Lupton,,Male,183.152.135.94
764,Gill,Pepin,gpepinl7@usgs.gov,Male,
765,Danell,Perrat,dperratl8@tinypic.com,Female,
766,Pamella,Pulford,ppulfordl9@oracle.com,Female,3.189.231.108
767,Corri,McKag,cmckagla@shareasale.com,Female,121.238.197.118
768,Benito,Duckworth,bduckworthlb@constantcontact.com,Male,227.43.102.67
769,Loraine,,lmitchelllc@aol.com,Female,
770,Burgess,Agar,bagarld@phoca.cz,Male,
771,Charlean,Pledger,cpledgerle@psu.edu,Female,234.17.151.153
,Rip,Tomicki,rtomickilf@netvibes.com,Male,189.197.40.192
773,Nappie,Dilkes,ndilkeslg@hhs.gov,Male,94.134.51.54
774,,,kescottlh@a8.net,,34.219.23.6
775,Barn,Guiducci,bguiduccili@com.com,Male,86.195.198.89
776,Katherine,Cure,kcurelj@hugedomains.com,,144.162.84.239
777,Myrwyn,Dolling,mdollinglk@instagram.com,Male,243.80.105.38
778,Panchito,MacAlpine,pmacalpinell@artisteer.com,Male,182.22.133.70
779,Pren,Magnus,pmagnuslm@ehow.com,,92.54.235.194
780,Patric,Glanester,pglanesterln@prnewswire.com,,3.113.244.134
781,Towny,Wickardt,twickardtlo@elpais.com,Male,38.142.29.1
782,Mavis,Dumke,mdumkelp@shinystat.com,Female,231.78.146.76
783,Cyndia,Gilhouley,cgilhouleylq@artisteer.com,Female,34.202.93.75
784,Jaclyn,Bentick,jbenticklr@yelp.com,Female,162.156.10.197
785,Erinna,Kohrding,ekohrdingls@weather.com,Female,118.225.78.45
786,Ramsey,Lindegard,,Male,98.133.249.232
787,Levy,Bowlesworth,lbowlesworthlu@ted.com,Male,45.46.86.105
788,Uriel,Crank,ucranklv@dailymail.co.uk,Male,1.39.38.146
789,Elnar,Aronov,earonovlw@bing.com,Male,142.57.160.60
790,Sheree,Syalvester,ssyalvesterlx@ning.com,Female,190.23.60.169
791,Kerk,Jannasch,kjannaschly@google.com.hk,Male,23.42.55.9
792,Adler,Terris,aterrislz@mapy.cz,Male,38.156.5.159
793,Mechelle,Marchment,mmarchmentm0@paypal.com,Female,9.244.236.67
794,Gradeigh,Whithorn,gwhithornm1@tuttocitta.it,Male,9.202.50.132
795,Jeramey,,jmargachm2@harvard.edu,Male,135.73.18.201
796,Kerwinn,Phettiplace,kphettiplacem3@ning.com,,117.213.72.92
797,Abe,Matthews,amatthewsm4@gov.uk,Male,94.11.139.77
798,Etienne,Ninnis,eninnism5@umich.edu,Male,243.172.78.126
799,Rudolfo,Pounsett,rpounsettm6@goo.ne.jp,Male,178.86.217.106
800,Granny,Cosgrove,gcosgrovem7@webnode.com,Male,
801,Jandy,Karpol,jkarpolm8@multiply.com,Female,174.241.132.229
802,Margarethe,Mugford,mmugfordm9@cam.ac.uk,Female,180.56.13.40
803,Con,Huson,chusonma@thetimes.co.uk,Male,87.2.102.88
804,Jamaal,Kenwyn,jkenwynmb@cisco.com,,139.97.110.8
805,Artemis,Harnes,,Male,168.30.180.56
806,Sheffie,Brader,sbradermd@miibeian.gov.cn,Male,
807,Gothart,Benasik,gbenasikme@bandcamp.com,Male,150.12.20.190
808,Nichole,Habin,nhabinmf@nytimes.com,Female,92.97.244.217
809,Noellyn,Skates,nskatesmg@addthis.com,Female,79.112.35.174
810,Joachim,Ewbanck,jewbanckmh@washington.edu,Male,166.35.7.251
811,Sherye,Faint,sfaintmi@miitbeian.gov.cn,Female,
812,Robena,Carlile,,Female,7.235.210.206
813,Ramona,Peat,rpeatmk@blogs.com,Female,171.26.108.176
814,Geordie,Voysey,gvoyseyml@nhs.uk,Male,123.34.189.228
815,Shaw,Angerstein,sangersteinmm@prnewswire.com,Male,90.38.166.108
816,Gian,Claydon,gclaydonmn@feedburner.com,Male,111.223.32.153
817,Joshua,Beesley,jbeesleymo@goo.ne.jp,Male,
818,Allison,Carrett,acarrettmp@issuu.com,Female,112.164.218.240
819,Ellerey,Bukac,ebukacmq@cisco.com,Male,189.64.227.92
820,Yolande,Henrique,yhenriquemr@oracle.com,Female,171.141.243.26
821,Chen,Luna,clunams@devhub.com,Male,36.154.87.37
822,Gale,Lescop,glescopmt@csmonitor.com,Male,1.139.0.166
823,Andrea,Donlon,adonlonmu@nytimes.com,Male,32.187.24.237
824,Ernestus,Edden,eeddenmv@youtube.com,Male,225.62.82.58
825,Othella,Danielot,odanielotmw@seesaa.net,Female,102.134.243.67
826,Cammi,Sives,csivesmx@dedecms.com,Female,52.244.166.30
827,Alleen,Creaven,acreavenmy@pcworld.com,Female,129.212.127.248
828,Tim,Dowsett,tdowsettmz@china.com.cn,,164.238.251.53
829,Paddie,Baigent,pbaigentn0@mozilla.org,Male,220.29.204.98
830,Blair,Young,byoungn1@typepad.com,Male,132.89.236.64
,Ulick,Janiak,ujaniakn2@google.com.hk,Male,254.78.253.191
832,Chick,Bolzen,cbolzenn3@prlog.org,Male,70.10.87.252
833,,Herche,bherchen4@ifeng.com,Female,249.120.240.221
834,Colas,Wedon,cwedonn5@eventbrite.com,Male,49.237.216.9
835,Silvan,Meconi,smeconin6@unesco.org,,191.33.84.176
836,Esther,Klousner,eklousnern7@yahoo.co.jp,Female,57.66.31.134
837,Salim,,smcdavittn8@cdbaby.com,Male,73.231.249.53
838,Jillana,Tuley,jtuleyn9@so-net.ne.jp,Female,232.90.57.76
839,Salvador,Vlies,svliesna@over-blog.com,Male,
840,Roxie,Hannabus,rhannabusnb@google.com.br,Female,111.65.41.8
841,Antin,Backman,abackmannc@fastcompany.com,Male,37.213.237.193
842,Brandon,Bispham,bbisphamnd@amazon.de,,131.21.22.210
843,Thia,Genty,tgentyne@mysql.com,Female,223.240.152.189
844,Terry,Kaesmans,tkaesmansnf@hostgator.com,,193.108.197.56
845,Catherin,Duffield,cduffieldng@businessinsider.com,Female,186.11.47.251
846,Pippa,Batsford,pbatsfordnh@who.int,Female,129.156.107.133
847,Reeva,Pendlington,rpendlingtonni@latimes.com,Female,
848,Barnett,Ree,breenj@slate.com,Male,223.192.179.59
849,Leila,Reeks,lreeksnk@ifeng.com,Female,114.124.245.193
850,,Cavell,mcavellnl@yandex.ru,Female,60.40.17.43
851,Irwin,Goulborn,igoulbornnm@topsy.com,Male,174.150.48.177
852,Towny,Le Borgne,tleborgnenn@google.com.au,Male,219.115.148.63
853,Guillemette,Hulle,ghulleno@vinaora.com,Female,76.234.214.51
854,Marvin,Vinick,mvinicknp@yelp.com,Male,182.70.223.136
855,Thayne,Rodgman,trodgmannq@nhs.uk,Male,114.196.212.164
856,Dianemarie,Banghe,dbanghenr@rambler.ru,Female,18.175.209.252
857,Kessia,Hodgon,khodgonns@github.com,Female,35.204.26.164
858,Iago,Connichie,iconnichient@deliciousdays.com,Male,
859,Sofie,Margaritelli,smargaritellinu@hibu.com,Female,176.161.148.30
860,Seward,Luciano,slucianonv@addtoany.com,Male,249.95.171.188
861,Damian,Newlyn,dnewlynnw@naver.com,Male,207.41.117.8
862,Tiertza,Mattersey,tmatterseynx@facebook.com,Female,
863,Cindra,Bru,cbruny@scribd.com,Female,98.109.206.135
864,Trish,Girauld,tgirauldnz@china.com.cn,Female,97.1.128.69
865,Abbie,,abunwortho0@tiny.cc,Female,134.101.194.82
866,Sonja,Rawood,,Female,142.49.241.126
867,Prentice,Ingraham,pingrahamo2@jigsy.com,Male,182.113.104.192
868,Julianne,Tour,jtouro3@bizjournals.com,Female,143.251.2.56
869,Susette,Barkly,sbarklyo4@yelp.com,Female,165.20.150.149
870,Karine,Muzzollo,kmuzzolloo5@netscape.com,Female,
871,Magdalene,Lickess,mlickesso6@hubpages.com,Female,208.242.20.176
872,Alfy,Eykel,aeykelo7@mysql.com,,123.206.101.29
873,Ara,Bridal,abridalo8@homestead.com,Male,225.105.111.124
874,Kerry,Pideon,kpideono9@dailymail.co.uk,Female,80.220.41.168
875,Audie,Vittori,avittorioa@gmpg.org,Female,121.118.43.106
876,Jackie,Herrero,jherreroob@amazonaws.com,Female,97.209.120.62
877,Saw,McIlveen,smcilveenoc@noaa.gov,Male,63.43.204.134
878,,Killiam,hkilliamod@ucla.edu,Male,
879,Tadd,Cremen,tcremenoe@purevolume.com,Male,249.238.243.101
880,Karel,Heigl,kheiglof@umich.edu,Male,196.116.234.201
881,Jaye,Banke,jbankeog@sun.com,Male,81.77.188.129
882,Nora,Schiementz,nschiementzoh@china.com.cn,Female,105.113.14.197
883,Malvin,Danielou,mdanielouoi@apache.org,,187.194.93.241
884,Wendi,Mutter,wmutteroj@liveinternet.ru,Female,51.170.94.91
885,Yovonnda,Vasser,yvasserok@drupal.org,,201.52.223.2
886,Pepito,Diggle,pdiggleol@examiner.com,Male,131.110.53.146
887,Aylmar,,amaccomeom@apple.com,Male,71.52.157.156
888,Justen,Houseman,jhousemanon@sfgate.com,Male,114.202.79.115
889,Webb,Merkel,wmerkeloo@feedburner.com,Male,184.197.72.106
890,Jeni,Bulmer,jbulmerop@google.com,Female,203.23.25.66
891,Glenden,Oseland,goselandoq@latimes.com,,84.210.10.64
892,Korry,Luxton,kluxtonor@unicef.org,Female,119.172.6.193
893,See,Oldford,soldfordos@arstechnica.com,Male,229.216.114.60
894,Benedetta,Sapsed,bsapsedot@adobe.com,Female,253.107.83.160
895,Kiri,Essame,kessameou@dmoz.org,Female,
896,Glory,Grossman,ggrossmanov@dailymotion.com,Female,199.99.16.59
897,Salomone,Rapkins,srapkinsow@google.de,Male,2.196.35.21
898,Orsola,Amoss,oamossox@sogou.com,Female,85.101.218.111
899,Francesca,Halleybone,fhalleyboneoy@about.com,Female,140.158.34.221
900,Dominique,,descolmeoz@webnode.com,Male,161.15.114.100
901,Kit,Wimp,kwimpp0@scribd.com,Female,74.239.17.143
902,Laney,Hentze,lhentzep1@dyndns.org,Male,181.117.206.162
903,Jules,Haibel,jhaibelp2@ucla.edu,Male,107.162.131.217
904,Leontine,Eilhersen,leilhersenp3@desdev.cn,Female,167.158.148.221
905,Hakim,Boothby,hboothbyp4@soup.io,Male,193.193.53.89
906,,Aveline,,,93.59.182.231
907,Jaimie,Snelle,jsnellep6@ucsd.edu,Male,173.133.243.103
908,Adair,Ebrall,aebrallp7@com.com,Male,167.133.52.152
909,Norbie,Valintine,nvalintinep8@timesonline.co.uk,Male,231.13.198.199
910,Adelheid,Curror,acurrorp9@godaddy.com,Female,80.172.84.156
911,Pamella,Sharples,psharplespa@twitter.com,Female,85.216.187.230
912,Wynn,Jerrolt,wjerroltpb@constantcontact.com,,240.14.185.232
913,Patin,,phuthartpc@uol.com.br,Male,184.227.17.66
914,Tabby,Kellogg,tkelloggpd@walmart.com,,36.201.149.163
915,Allie,Ellerbeck,aellerbeckpe@nhs.uk,Female,183.121.158.32
916,Estella,Girodin,egirodinpf@ustream.tv,Female,41.51.129.8
917,Darci,Karslake,dkarslakepg@cisco.com,Female,136.47.148.153
918,Margalo,Sexti,msextiph@google.co.uk,Female,88.41.245.240
919,Jacintha,Giannazzo,jgiannazzopi@google.ca,Female,170.224.113.82
920,Keeley,Whittingham,kwhittinghampj@youtube.com,Female,89.154.81.56
921,Winfred,Levicount,wlevicountpk@cbsnews.com,,225.220.189.48
922,Gifford,Silversmidt,gsilversmidtpl@umich.edu,Male,131.63.23.196
923,Kelly,Comport,kcomportpm@de.vu,Female,141.216.74.24
924,Guinevere,Bingall,gbingallpn@acquirethisname.com,,2.219.8.158
925,Giuseppe,Schulz,gschulzpo@slideshare.net,Male,91.22.193.150
926,Angeline,Gandy,,,208.12.190.181
927,Kimble,Jerzyk,kjerzykpq@nymag.com,Male,100.54.38.72
928,Daven,McReynold,dmcreynoldpr@oakley.com,Male,
929,Erny,Morsey,emorseyps@ask.com,Male,8.100.8.169
930,,Iannelli,ciannellipt@ehow.com,Female,87.195.234.194
931,Lenee,Rosenhaupt,lrosenhauptpu@abc.net.au,Female,195.85.252.137
932,Rona,Baguley,rbaguleypv@spotify.com,Female,96.36.183.64
933,Xavier,Danson,xdansonpw@apache.org,Male,126.46.76.124
934,Clifford,Casazza,ccasazzapx@163.com,Male,14.89.203.167
935,Myrle,Aloshikin,maloshikinpy@sbwire.com,Female,192.23.34.144
936,Clemmy,Greve,cgrevepz@prweb.com,Male,211.169.205.76
937,Evelyn,California,ecaliforniaq0@dion.ne.jp,Female,186.50.182.94
938,,Whatmough,,Male,192.239.175.212
939,Millisent,Denisyuk,mdenisyukq2@aol.com,Female,73.194.209.215
940,Goober,Botting,gbottingq3@icq.com,Male,
941,Nicholle,Twells,ntwellsq4@nbcnews.com,Female,
942,Bradford,Rymell,brymellq5@ox.ac.uk,Male,201.65.60.58
943,Teodoro,Vorley,tvorleyq6@arstechnica.com,Male,154.206.242.185
944,Walden,Conrath,,,1.9.92.213
945,Sidnee,,stomickiq8@google.de,Male,250.160.6.90
946,Reese,Biggin,rbigginq9@cnbc.com,Male,184.199.90.122
947,Laurice,Coventry,lcoventryqa@timesonline.co.uk,Female,225.232.219.220
948,Sigismondo,Attow,sattowqb@yellowpages.com,Male,
949,Tanny,Ladewig,tladewigqc@simplemachines.org,Male,221.86.167.252
950,Janeen,,jdronsfieldqd@earthlink.net,Female,247.153.0.90
951,Davide,Breeze,dbreezeqe@rediff.com,Male,
952,Pavla,Bulcroft,pbulcroftqf@google.com.au,Female,216.210.122.83
953,Kimberlyn,Britian,kbritianqg@usnews.com,Female,119.74.148.47
954,Gustaf,Van der Mark,gvandermarkqh@samsung.com,Male,183.99.88.67
955,Stevana,Edgeller,sedgellerqi@meetup.com,Female,255.53.209.123
956,Ebony,Pleasance,,Female,252.145.87.225
957,Kellia,Ilyukhov,kilyukhovqk@netlog.com,Female,243.200.228.50
958,Rosaleen,Boothby,rboothbyql@hibu.com,Female,163.39.223.186
959,Allina,Cully,acullyqm@pbs.org,Female,54.188.204.40
960,Cob,Daykin,,Male,75.77.67.29
961,Jamaal,Kingzet,jkingzetqo@etsy.com,Male,199.248.34.130
962,Josias,Skitt,jskittqp@wordpress.org,Male,221.205.12.113
963,Gare,Belfrage,gbelfrageqq@multiply.com,Male,
964,Mord,Barde,mbardeqr@telegraph.co.uk,Male,127.219.122.158
965,Leslie,Riccioppo,lriccioppoqs@nature.com,Male,68.126.168.86
,Bear,Fleming,bflemingqt@mail.ru,Male,214.97.118.152
967,Michal,Sheara,mshearaqu@amazon.co.jp,Female,110.98.178.39
968,Elysia,O' Borne,eoborneqv@hibu.com,Female,248.85.174.190
969,Gloriana,Durn,gdurnqw@elpais.com,Female,134.171.106.106
970,Daphne,Tulk,dtulkqx@npr.org,Female,234.114.13.213
971,Rosalie,Gainsford,rgainsfordqy@jigsy.com,,110.148.123.174
972,Phyllis,Collyns,pcollynsqz@elpais.com,,156.234.57.66
973,Sara,Ravelus,sravelusr0@sakura.ne.jp,Female,13.113.91.253
974,Trev,Westrip,twestripr1@boston.com,Male,
975,,Bodiam,fbodiamr2@etsy.com,Male,2.56.84.202
976,Krishnah,Cazin,kcazinr3@theglobeandmail.com,Male,33.154.211.182
977,Fonz,Manifould,fmanifouldr4@whitehouse.gov,Male,239.28.142.155
978,Micky,Baldacchino,mbaldacchinor5@topsy.com,Female,116.2.10.33
979,Reena,Fowgies,,Female,23.220.228.99
980,Zacharia,Moncarr,zmoncarrr7@cocolog-nifty.com,Male,219.173.64.89
981,Tatiana,Southcomb,tsouthcombr8@miibeian.gov.cn,Female,248.128.64.227
982,Jacklyn,Eskrigg,jeskriggr9@utexas.edu,Female,44.133.1.81
983,Noah,Sinnock,nsinnockra@cnbc.com,Male,252.205.169.15
984,Waldo,Worsfield,wworsfieldrb@geocities.com,Male,115.111.66.27
985,Amery,Spark,asparkrc@state.gov,Male,
986,Hercules,Dinnage,hdinnagerd@list-manage.com,Male,124.199.65.35
987,,Siemantel,hsiemantelre@gravatar.com,Female,80.16.85.209
988,Gusti,Dmitrievski,gdmitrievskirf@nationalgeographic.com,Female,122.227.99.47
989,Em,Hoys,ehoysrg@patch.com,Male,106.143.89.193
990,Melisenda,Golson,mgolsonrh@google.com.hk,Female,96.16.95.60
991,Bartholomew,Cawthron,bcawthronri@oracle.com,Male,206.173.176.59
992,Dari,Eck,deckrj@google.de,Female,
993,,,olorenzettirk@sciencedaily.com,Male,66.149.110.58
,Flossi,Normavell,fnormavellrl@state.tx.us,Female,
995,Tiler,Iveans,tiveansrm@bandcamp.com,Male,217.165.13.127
996,Alaric,Westmore,awestmorern@rambler.ru,Male,73.176.27.224
997,Arney,,abastimanro@ask.com,Male,141.34.204.111
998,Dwain,Godfrey,dgodfreyrp@t-online.de,,212.249.120.172
999,Karlen,Sellek,ksellekrq@list-manage.com,,139.192.251.190
1000,Minette,Scroggie,mscroggierr@nytimes.com,Female,145.64.240.184
